ID,ID venta,ID producto,valor,cantidad
1,1,44,62.07,7
2,1,17,505.06,7
3,2,29,938.8,5
4,2,6,625.18,8
5,2,40,85.19,6
6,2,48,935.16,9
7,3,21,813.75,9
8,4,25,81.84,2
9,4,49,371.08,9
10,4,34,253.61,1
11,4,1,965.67,5
12,5,24,921.75,5
13,5,6,154.43,4
14,5,5,863.59,10
15,6,16,267.06,9
16,6,50,444.61,2
17,6,9,679.45,2
18,7,45,677.28,10
19,7,21,924.43,6
20,7,3,952.23,2
21,7,36,123.7,8
22,8,43,539.81,8
23,9,44,758.43,8
24,9,18,124.99,10
25,10,22,621.07,5
26,10,28,628.34,9
27,10,38,971.88,6
28,10,48,926.5,3
29,10,42,226.97,10
30,11,34,326.97,9
31,12,8,292.69,4
32,12,17,992.36,6
33,12,32,579.19,3
34,12,17,35.48,9
35,12,26,408.09,8
36,13,38,722.14,8
37,13,11,541.41,9
38,13,22,596.04,3
39,14,28,452.49,9
40,14,32,779.21,10
41,14,5,338.9,6
42,14,47,455.63,10
43,14,27,201.36,8
44,15,15,650.77,10
45,15,31,365.79,10
46,15,46,364.18,1
47,16,40,373.09,2
48,16,38,516.3,8
49,16,2,839.54,10
50,17,50,644.84,9
51,17,44,416.82,8
52,17,46,396.22,2
53,17,22,376.01,5
54,17,1,477.25,10
55,18,47,911.46,2
56,18,35,916.95,5
57,18,29,241.75,8
58,18,20,555.39,5
59,19,4,482.13,1
60,19,14,576.25,9
61,20,35,324.99,4
62,20,29,128.66,1
63,20,50,101.42,6
64,20,5,367.47,1
65,21,6,611.51,8
66,21,29,817.84,7
67,22,2,634.97,6
68,22,4,47.51,4
69,22,8,38.08,5
70,23,43,189.29,9
71,23,23,503.39,2
72,24,38,42.91,9
73,24,36,147.26,9
74,24,28,480.64,5
75,25,25,914.5,9
76,25,29,716.53,7
77,25,16,96.43,5
78,26,27,371.28,6
79,26,44,458.93,4
80,26,13,157.93,3
81,27,23,704.87,9
82,27,24,993.11,1
83,27,45,886.86,2
84,28,40,17.76,4
85,29,20,732.9,6
86,29,3,112.56,1
87,29,31,913.39,5
88,29,25,252.77,4
89,29,43,272.31,6
90,30,22,740.12,7
91,30,27,544.03,5
92,30,14,883.45,3
93,30,29,357.74,10
94,31,14,167.89,7
95,31,21,526.21,8
96,31,2,523.77,2
97,31,50,567.23,2
98,32,27,452.91,5
99,32,10,676.73,6
100,32,1,306.13,9
101,33,28,710.56,7
102,33,18,891.36,1
103,33,45,595.85,5
104,34,1,847.17,6
105,34,38,196.26,2
106,34,11,641.39,3
107,34,25,866.72,6
108,34,9,526.18,2
109,35,27,733.09,8
110,36,38,461.57,3
111,36,3,296.86,3
112,37,1,759.53,7
113,37,39,46.77,2
114,37,15,854.23,5
115,38,50,26.67,10
116,38,26,652.47,3
117,38,13,93.17,10
118,38,22,569.01,1
119,38,7,932.13,5
120,39,38,753.88,2
121,39,19,583.73,4
122,39,24,239.26,9
123,39,17,849.54,2
124,39,42,919.11,8
125,40,4,535.17,2
126,40,35,191.81,7
127,41,35,421.53,7
128,41,9,273.58,1
129,41,12,187.58,8
130,42,45,191.93,10
131,42,6,898.83,7
132,42,12,993.82,9
133,42,45,211.24,2
134,43,30,476.76,5
135,44,10,603.22,4
136,45,22,281.66,3
137,45,39,133.22,9
138,45,22,919.82,6
139,45,7,784.57,5
140,45,11,851.55,10
141,46,22,976.0,3
142,46,25,75.89,8
143,46,1,468.57,1
144,46,37,120.68,10
145,47,21,206.43,4
146,47,18,277.36,5
147,48,47,126.91,7
148,48,21,538.62,10
149,48,5,340.35,1
150,48,18,878.47,4
151,48,28,651.29,6
152,49,4,264.58,8
153,49,8,778.4,2
154,50,19,121.0,3
155,50,30,289.0,8
156,50,48,111.76,4
157,50,38,33.83,10
158,50,14,658.1,6
159,51,15,940.29,5
160,52,46,49.36,2
161,52,22,335.34,8
162,52,29,207.98,5
163,53,18,32.92,9
164,53,18,431.27,5
165,54,33,748.97,1
166,54,4,660.22,1
167,54,4,520.28,10
168,54,30,441.55,6
169,55,42,49.55,5
170,55,35,680.95,8
171,55,25,731.28,6
172,55,19,244.88,10
173,56,15,228.08,5
174,56,8,220.16,4
175,57,29,859.98,2
176,57,43,122.35,5
177,57,44,574.03,2
178,57,20,511.11,8
179,58,50,267.97,1
180,58,50,500.03,2
181,58,1,94.85,8
182,58,30,533.99,5
183,58,32,170.16,9
184,59,18,73.04,9
185,60,44,229.38,5
186,60,46,118.83,9
187,60,48,466.85,6
188,61,31,121.55,3
189,62,41,791.38,1
190,62,17,920.64,9
191,62,33,493.82,1
192,63,7,652.99,4
193,64,31,321.77,7
194,64,2,288.49,4
195,64,21,156.98,2
196,64,37,93.74,7
197,65,22,433.11,10
198,65,18,574.35,6
199,66,36,660.45,8
200,66,1,256.39,2
201,66,17,891.12,2
202,66,21,501.98,6
203,67,30,328.29,10
204,67,30,455.7,8
205,67,46,652.01,8
206,67,38,933.38,8
207,67,1,542.8,3
208,68,41,933.31,8
209,68,20,717.63,2
210,68,33,692.41,6
211,69,42,964.19,3
212,69,17,407.43,1
213,69,23,167.49,10
214,69,39,440.65,5
215,69,3,665.44,2
216,70,40,117.04,6
217,70,20,113.52,2
218,70,46,545.83,8
219,70,41,176.59,6
220,71,41,274.62,4
221,71,16,152.96,8
222,71,38,429.1,3
223,71,37,253.68,9
224,71,14,632.88,7
225,72,27,717.08,3
226,72,22,99.32,1
227,72,23,148.16,7
228,72,12,63.84,3
229,73,7,425.83,2
230,74,26,393.58,3
231,74,28,801.82,10
232,74,4,414.99,9
233,75,11,895.59,2
234,75,19,184.29,7
235,75,38,459.11,8
236,75,46,327.21,2
237,76,50,971.66,3
238,76,13,373.62,5
239,76,24,835.75,10
240,76,17,246.44,7
241,77,43,346.85,9
242,77,47,639.31,10
243,77,4,220.4,10
244,78,1,848.49,10
245,78,45,202.56,10
246,78,39,622.46,1
247,78,11,862.32,3
248,79,17,112.75,1
249,79,9,916.86,3
250,79,27,126.79,5
251,79,14,278.48,1
252,79,39,645.89,1
253,80,9,254.98,4
254,80,39,307.43,3
255,80,48,89.64,7
256,81,13,748.57,6
257,81,46,301.5,10
258,81,31,793.78,4
259,81,29,972.85,2
260,81,49,273.43,10
261,82,12,969.66,5
262,82,28,366.36,10
263,83,33,462.05,1
264,83,37,314.67,1
265,84,39,854.33,5
266,85,16,686.6,4
267,86,32,775.7,8
268,87,28,944.75,2
269,87,36,895.77,3
270,87,25,581.01,1
271,88,37,104.32,4
272,89,24,180.57,10
273,89,10,15.45,5
274,89,25,306.6,6
275,90,16,738.97,8
276,90,46,222.76,5
277,90,24,635.47,2
278,91,40,16.1,10
279,92,41,508.87,5
280,93,25,631.94,3
281,93,11,989.06,7
282,94,10,606.97,8
283,95,22,15.5,1
284,95,16,144.33,5
285,96,7,327.1,8
286,96,10,886.7,6
287,96,27,343.73,4
288,97,42,63.68,5
289,97,44,492.96,3
290,97,14,477.93,5
291,97,48,859.68,10
292,98,3,693.03,10
293,98,4,257.1,9
294,98,34,138.8,7
295,98,40,955.24,1
296,98,36,375.67,6
297,99,33,977.74,7
298,100,14,46.8,4
299,100,10,94.09,6
300,100,47,718.6,2
301,101,48,291.52,5
302,101,27,711.71,9
303,101,14,495.31,2
304,101,20,953.7,7
305,102,4,65.92,8
306,102,48,342.89,7
307,102,39,696.16,5
308,102,19,908.41,4
309,103,4,605.05,1
310,103,49,526.33,6
311,103,20,901.39,7
312,104,15,239.67,5
313,104,10,560.21,1
314,105,5,419.04,5
315,105,1,662.84,4
316,105,15,717.87,1
317,105,35,510.64,3
318,105,49,148.76,8
319,106,7,903.41,6
320,106,25,568.87,4
321,106,26,586.02,8
322,106,33,545.47,7
323,107,33,308.53,4
324,107,19,277.26,5
325,108,50,639.61,10
326,108,3,583.61,5
327,108,10,363.91,1
328,109,44,940.32,8
329,109,15,376.09,6
330,109,27,868.84,2
331,110,18,506.1,3
332,110,16,790.33,8
333,110,22,834.94,8
334,111,13,775.51,6
335,111,40,612.13,1
336,111,29,345.32,8
337,111,16,646.27,3
338,112,49,160.0,5
339,112,17,105.53,6
340,112,22,121.01,2
341,113,22,900.58,1
342,113,5,533.01,6
343,113,28,255.67,2
344,113,43,688.66,9
345,114,23,48.76,6
346,114,1,932.6,1
347,114,10,783.85,8
348,114,48,53.98,2
349,114,20,165.0,6
350,115,38,689.17,1
351,115,30,242.93,10
352,116,18,667.05,5
353,116,49,867.95,7
354,117,25,210.37,2
355,117,19,416.27,4
356,117,23,476.19,5
357,117,1,780.82,2
358,117,33,461.78,1
359,118,41,519.44,4
360,118,19,724.51,7
361,118,29,637.66,3
362,118,13,93.38,5
363,118,17,714.87,6
364,119,7,569.95,4
365,119,29,992.96,3
366,120,27,38.15,1
367,120,6,33.1,6
368,120,10,807.5,8
369,120,16,268.72,6
370,121,26,684.56,10
371,121,31,651.43,1
372,121,2,646.43,9
373,122,22,403.24,10
374,122,46,922.53,5
375,123,5,539.54,5
376,123,36,942.92,10
377,123,20,608.12,8
378,123,27,502.67,7
379,124,14,302.19,5
380,125,35,329.75,8
381,125,9,130.59,10
382,126,17,77.91,2
383,126,1,573.13,8
384,126,30,673.12,9
385,127,36,170.47,4
386,128,26,817.7,5
387,128,1,649.33,9
388,128,43,121.87,2
389,128,44,905.08,1
390,129,15,885.64,5
391,129,27,70.06,1
392,130,35,500.06,2
393,130,7,731.12,10
394,130,50,326.17,6
395,130,42,175.7,3
396,130,2,434.28,6
397,131,35,428.25,9
398,132,3,821.9,4
399,133,10,329.26,1
400,133,39,239.38,3
401,133,30,322.31,9
402,133,33,314.36,8
403,134,47,376.9,10
404,135,44,362.99,3
405,135,29,142.74,8
406,135,29,821.25,3
407,135,30,284.74,3
408,135,19,463.95,6
409,136,40,785.96,4
410,137,29,257.13,8
411,137,3,632.34,2
412,138,26,93.01,9
413,138,41,256.36,4
414,139,1,816.9,4
415,139,25,552.63,10
416,139,35,936.72,4
417,139,3,124.11,4
418,139,33,515.58,9
419,140,18,802.11,7
420,141,4,669.79,5
421,141,50,234.94,1
422,141,41,480.25,10
423,141,1,954.58,9
424,141,31,648.86,2
425,142,8,89.69,8
426,143,38,707.56,6
427,143,17,762.25,2
428,144,47,145.21,5
429,144,11,742.85,9
430,144,12,786.54,4
431,145,15,340.48,1
432,145,36,259.64,3
433,145,25,337.66,7
434,146,27,633.76,3
435,146,31,956.08,10
436,147,17,718.32,8
437,147,50,436.68,2
438,147,4,358.38,1
439,147,4,131.49,10
440,147,23,881.89,3
441,148,6,341.75,2
442,148,20,854.92,9
443,148,27,406.74,4
444,148,25,187.02,1
445,149,39,461.61,1
446,149,15,281.86,9
447,149,4,830.54,9
448,149,46,925.89,3
449,150,27,562.04,8
450,150,28,359.73,2
451,151,16,919.72,7
452,151,17,516.11,10
453,151,4,968.93,1
454,152,14,549.31,10
455,152,1,224.28,4
456,152,7,77.52,8
457,153,16,135.99,6
458,153,49,963.86,4
459,153,16,384.71,4
460,153,45,974.78,3
461,154,46,833.61,7
462,154,46,77.66,3
463,155,25,406.48,1
464,155,12,214.9,2
465,156,15,561.35,1
466,157,18,709.07,9
467,158,22,999.17,2
468,158,21,278.61,3
469,158,40,459.09,1
470,158,10,793.29,5
471,159,40,283.74,4
472,159,11,229.8,1
473,159,25,145.24,1
474,159,50,119.57,5
475,159,27,172.01,4
476,160,32,300.3,4
477,160,19,878.49,10
478,160,46,837.88,2
479,161,45,559.71,1
480,161,2,146.53,3
481,161,3,65.18,10
482,161,40,740.26,1
483,162,14,859.59,10
484,162,35,261.65,1
485,163,42,897.16,7
486,164,48,834.77,6
487,165,10,873.17,4
488,165,27,811.7,5
489,166,1,838.09,6
490,166,25,496.58,1
491,167,26,155.1,1
492,167,48,341.74,9
493,168,43,242.31,7
494,168,24,66.79,10
495,168,27,168.1,10
496,169,47,706.5,1
497,169,1,996.09,6
498,169,45,839.88,8
499,169,37,263.83,8
500,169,30,865.51,8
501,170,9,935.6,3
502,170,4,453.6,8
503,170,17,333.18,4
504,170,15,964.87,3
505,170,16,56.5,6
506,171,46,768.46,6
507,171,31,459.77,4
508,171,3,521.96,6
509,172,49,367.86,1
510,172,25,274.32,7
511,172,25,146.64,5
512,172,12,59.22,10
513,172,8,33.5,1
514,173,42,374.63,7
515,174,14,11.87,6
516,174,15,954.2,7
517,174,28,317.36,6
518,174,42,211.11,1
519,174,15,978.48,2
520,175,49,931.63,8
521,175,37,611.4,5
522,175,28,867.34,4
523,175,45,300.27,1
524,175,26,941.41,2
525,176,20,211.39,2
526,176,15,761.43,3
527,176,22,968.83,1
528,177,6,752.98,7
529,177,18,564.84,10
530,177,36,647.28,7
531,177,20,569.52,6
532,178,21,995.07,9
533,178,9,848.01,5
534,178,15,389.29,10
535,178,29,289.33,5
536,178,35,804.49,3
537,179,6,229.78,4
538,179,32,59.86,9
539,179,18,730.3,2
540,179,27,881.9,4
541,180,6,30.61,7
542,180,47,669.25,1
543,180,25,675.24,3
544,180,48,623.64,6
545,180,48,904.22,1
546,181,30,808.9,4
547,181,45,830.2,8
548,182,26,209.03,9
549,182,32,689.31,10
550,183,25,481.16,10
551,183,8,957.13,2
552,183,46,406.79,5
553,183,50,677.21,4
554,183,20,719.32,2
555,184,8,283.0,9
556,184,48,895.87,4
557,184,45,903.78,3
558,184,13,295.28,3
559,184,26,19.45,10
560,185,48,887.65,1
561,185,5,482.6,6
562,186,29,651.52,3
563,186,40,701.74,8
564,186,47,639.26,6
565,186,32,257.13,1
566,186,6,603.62,1
567,187,28,48.15,3
568,187,27,287.79,6
569,187,15,447.27,1
570,187,18,177.39,6
571,187,49,510.53,7
572,188,30,633.39,7
573,188,27,721.87,2
574,188,32,71.12,8
575,189,11,92.4,3
576,189,42,982.04,7
577,189,4,112.22,8
578,190,23,337.69,10
579,190,14,61.11,4
580,190,19,760.26,5
581,190,3,264.24,6
582,191,35,471.04,6
583,191,14,374.04,3
584,192,21,140.15,1
585,192,47,291.34,5
586,192,14,55.66,7
587,192,42,671.75,4
588,193,36,266.15,9
589,194,40,846.78,8
590,194,14,529.2,1
591,194,32,262.62,8
592,194,3,574.85,3
593,194,8,722.71,3
594,195,30,484.78,6
595,195,14,949.85,6
596,196,15,855.32,7
597,196,21,615.01,3
598,196,15,921.25,7
599,196,19,954.51,7
600,196,24,269.5,9
601,197,26,907.71,3
602,197,1,225.68,7
603,197,29,311.41,9
604,197,33,698.64,9
605,197,11,264.63,8
606,198,12,797.45,4
607,198,44,859.06,6
608,198,17,757.07,2
609,198,20,794.95,10
610,199,50,53.99,2
611,199,12,593.43,7
612,199,41,569.22,10
613,200,35,645.39,8
614,200,46,375.52,2
615,200,10,494.81,1
616,201,35,470.23,8
617,201,17,963.62,2
618,201,24,869.74,7
619,202,50,415.83,3
620,202,36,846.17,6
621,202,23,629.75,1
622,203,9,134.29,2
623,203,47,353.7,5
624,204,1,401.01,5
625,204,10,212.11,3
626,205,29,454.37,1
627,205,29,697.96,10
628,205,41,751.99,6
629,206,22,761.94,2
630,206,26,677.5,9
631,207,14,85.03,2
632,207,40,804.26,10
633,207,25,457.91,6
634,207,49,861.47,9
635,208,27,324.72,7
636,208,15,251.25,4
637,208,39,178.95,8
638,208,2,955.34,10
639,209,18,730.87,9
640,209,15,801.23,8
641,209,26,763.22,6
642,209,4,347.13,10
643,210,35,813.44,2
644,211,25,679.05,1
645,211,44,460.5,8
646,212,39,80.44,2
647,212,3,791.79,6
648,213,2,336.77,10
649,213,22,621.1,7
650,213,27,746.14,8
651,213,30,922.79,2
652,213,17,424.86,5
653,214,23,464.62,7
654,214,45,884.01,8
655,215,7,696.71,9
656,215,25,77.02,10
657,215,7,543.69,1
658,215,29,201.91,4
659,215,41,285.47,4
660,216,27,768.79,9
661,216,8,493.67,10
662,216,39,411.26,10
663,217,10,169.13,1
664,217,33,206.07,4
665,217,33,997.94,5
666,217,34,713.27,9
667,217,23,686.75,4
668,218,1,964.81,7
669,218,48,414.62,6
670,218,42,750.29,5
671,218,48,631.84,3
672,218,45,802.75,1
673,219,40,995.49,5
674,219,28,80.93,9
675,219,23,212.93,3
676,219,42,81.31,7
677,220,48,46.33,3
678,220,6,960.43,3
679,220,26,65.95,1
680,220,1,861.84,10
681,221,33,941.28,10
682,222,1,772.99,8
683,222,10,955.27,3
684,223,2,145.02,10
685,223,44,604.43,1
686,223,15,201.62,1
687,224,49,131.57,7
688,224,20,81.74,10
689,224,11,132.65,10
690,224,8,869.89,8
691,225,31,713.52,5
692,225,16,161.02,8
693,225,34,683.09,2
694,225,46,419.46,7
695,226,43,641.89,6
696,227,33,836.26,7
697,228,26,511.32,10
698,228,31,748.2,1
699,228,29,638.85,10
700,229,4,987.57,6
701,230,35,739.97,7
702,230,25,498.2,3
703,231,29,468.22,1
704,231,13,544.89,8
705,231,22,247.69,10
706,231,45,167.08,4
707,232,37,52.06,2
708,232,30,535.06,3
709,232,24,785.6,9
710,232,42,495.62,8
711,232,48,884.44,4
712,233,13,846.62,6
713,234,38,831.89,4
714,234,28,692.26,2
715,235,23,589.77,10
716,236,15,522.04,5
717,236,30,80.4,9
718,237,46,304.21,8
719,238,48,33.92,1
720,238,26,301.84,8
721,238,6,879.4,2
722,239,15,408.43,2
723,239,31,479.15,9
724,239,19,352.78,1
725,240,48,734.76,4
726,240,34,424.39,6
727,240,4,128.31,10
728,241,5,765.77,5
729,241,31,319.7,6
730,241,9,75.29,1
731,241,41,771.92,10
732,242,4,549.95,4
733,242,38,876.14,10
734,242,27,971.96,4
735,243,18,838.71,5
736,243,28,11.5,1
737,244,15,616.85,1
738,244,30,219.93,9
739,244,41,126.89,4
740,244,5,337.73,1
741,244,31,121.61,5
742,245,16,754.29,5
743,245,49,289.84,6
744,245,31,490.41,3
745,245,36,415.85,10
746,246,33,766.6,9
747,246,6,755.69,3
748,246,22,23.39,4
749,247,48,561.41,9
750,248,9,195.57,4
751,249,22,73.68,1
752,249,40,361.24,2
753,249,11,733.97,7
754,249,8,296.77,3
755,250,45,18.99,4
756,250,36,142.53,3
757,250,13,299.97,6
758,251,14,173.44,7
759,251,19,436.55,1
760,251,25,877.39,7
761,252,43,190.07,4
762,252,11,676.09,9
763,252,4,983.14,5
764,252,30,364.89,1
765,252,27,67.85,10
766,253,22,797.94,5
767,254,32,971.65,9
768,255,40,344.29,6
769,255,23,737.88,4
770,255,19,944.6,1
771,256,34,279.74,7
772,256,11,196.41,1
773,257,18,767.97,1
774,257,30,979.42,1
775,257,30,139.96,1
776,257,4,624.86,10
777,257,32,237.83,4
778,258,30,895.17,3
779,258,5,968.02,4
780,258,24,660.97,2
781,258,40,782.49,3
782,258,42,434.33,3
783,259,15,577.34,10
784,259,42,69.95,3
785,259,29,517.36,4
786,259,14,668.94,2
787,260,35,625.98,7
788,260,44,537.07,9
789,261,18,419.65,4
790,261,21,859.91,4
791,261,23,141.61,9
792,262,6,106.02,8
793,262,2,541.35,7
794,262,24,561.92,5
795,262,48,314.4,2
796,263,3,285.21,5
797,263,39,130.24,6
798,264,43,496.46,10
799,264,13,70.36,10
800,264,24,576.14,7
801,264,4,910.17,3
802,265,20,372.14,9
803,266,47,825.66,8
804,266,34,542.53,1
805,266,43,670.85,10
806,266,24,245.08,10
807,267,5,707.05,7
808,268,34,889.28,10
809,268,21,813.37,6
810,269,5,242.11,9
811,270,35,558.27,5
812,270,48,638.99,1
813,270,48,502.66,2
814,270,42,289.64,7
815,271,19,968.25,10
816,272,39,888.38,2
817,273,34,99.88,5
818,273,27,616.74,9
819,273,21,975.69,8
820,273,13,73.02,1
821,273,9,686.08,4
822,274,16,57.68,3
823,274,6,318.73,4
824,275,12,968.12,2
825,275,33,861.01,9
826,275,34,685.15,10
827,275,4,556.52,8
828,276,42,240.2,9
829,276,35,997.56,6
830,277,45,718.59,5
831,277,38,331.75,5
832,277,41,291.09,9
833,277,6,973.3,1
834,278,33,368.96,3
835,278,6,548.87,10
836,278,49,660.48,10
837,279,20,257.01,8
838,280,38,23.98,10
839,280,15,389.27,2
840,281,25,587.95,1
841,281,36,43.78,6
842,282,21,929.08,9
843,283,41,276.34,5
844,283,3,941.52,6
845,283,43,518.01,9
846,284,33,585.57,8
847,284,38,499.23,10
848,284,48,304.03,5
849,285,20,654.17,7
850,285,49,918.21,9
851,285,27,285.4,1
852,285,41,348.98,9
853,286,6,95.33,1
854,286,30,272.03,3
855,287,13,845.58,4
856,287,11,294.65,1
857,287,32,859.25,4
858,288,3,451.79,4
859,288,12,421.51,4
860,289,14,114.88,3
861,289,6,896.5,8
862,289,21,160.82,4
863,290,1,889.12,2
864,290,10,847.04,7
865,290,36,575.79,3
866,291,15,628.88,5
867,291,40,194.18,8
868,292,20,334.6,4
869,292,30,944.89,3
870,292,45,967.29,6
871,293,3,504.18,5
872,294,43,738.33,5
873,294,23,289.34,2
874,294,17,960.77,5
875,294,42,393.08,3
876,295,11,668.72,1
877,295,37,833.42,10
878,295,9,310.85,2
879,296,15,577.79,2
880,296,21,308.16,10
881,297,49,191.71,8
882,297,49,38.28,3
883,297,18,661.82,6
884,298,11,559.64,4
885,298,20,98.15,2
886,298,39,854.93,1
887,298,46,21.74,3
888,299,35,62.34,4
889,299,24,367.27,7
890,300,23,961.48,3
891,300,28,243.61,2
892,301,37,813.03,8
893,301,19,801.53,10
894,301,4,938.13,10
895,301,43,666.84,4
896,301,20,797.56,5
897,302,2,977.0,8
898,302,41,218.13,8
899,302,5,817.45,4
900,303,24,549.36,8
901,303,1,438.68,1
902,303,6,603.88,3
903,304,35,258.11,5
904,304,38,69.86,7
905,304,31,236.85,2
906,304,26,439.95,8
907,304,19,608.91,4
908,305,41,29.68,7
909,305,5,250.73,7
910,305,6,240.32,1
911,305,25,429.68,5
912,306,20,183.37,7
913,307,10,571.42,5
914,307,50,65.25,3
915,307,26,829.76,1
916,308,44,507.47,6
917,308,37,800.13,4
918,308,7,121.83,8
919,308,35,214.24,7
920,309,39,651.19,9
921,309,11,115.11,6
922,309,40,210.22,1
923,309,39,640.51,7
924,310,3,421.96,7
925,310,9,659.01,1
926,311,14,69.71,10
927,311,50,807.12,5
928,311,6,781.22,4
929,311,20,898.14,8
930,312,13,924.65,2
931,312,3,29.87,10
932,312,46,335.04,9
933,313,28,399.01,1
934,313,35,894.15,7
935,313,29,137.97,4
936,313,29,764.29,9
937,313,50,223.3,6
938,314,37,706.07,6
939,314,18,469.93,2
940,314,24,716.12,9
941,314,14,828.23,6
942,315,40,746.28,5
943,316,44,957.23,3
944,316,28,625.19,3
945,317,23,823.62,9
946,317,3,513.49,1
947,317,11,699.74,1
948,317,16,552.52,4
949,318,25,850.04,3
950,318,30,87.45,8
951,318,11,362.96,2
952,318,19,797.99,1
953,318,33,463.55,1
954,319,31,113.45,6
955,320,36,336.51,6
956,320,37,695.68,6
957,320,36,763.53,7
958,321,23,165.32,2
959,321,45,718.39,5
960,321,39,702.77,9
961,322,6,34.6,9
962,322,7,654.28,9
963,322,40,364.8,10
964,322,18,585.32,6
965,322,20,866.44,7
966,323,6,380.68,3
967,324,36,472.32,7
968,325,29,425.77,7
969,326,18,797.49,7
970,327,24,500.32,5
971,328,28,920.36,10
972,328,39,270.32,1
973,328,39,414.05,6
974,328,23,676.43,7
975,329,26,918.83,1
976,329,50,366.45,8
977,329,44,622.63,6
978,329,31,422.63,2
979,329,33,989.25,3
980,330,12,961.62,5
981,330,44,994.28,3
982,330,36,353.39,4
983,331,44,219.66,5
984,331,33,701.82,2
985,332,16,985.48,5
986,332,24,710.78,6
987,332,26,552.23,8
988,333,17,813.45,10
989,333,11,493.44,6
990,334,7,248.3,10
991,334,39,775.77,10
992,334,26,550.11,5
993,335,38,418.15,1
994,335,15,178.27,4
995,335,12,733.77,1
996,336,23,681.73,5
997,336,4,252.71,4
998,336,42,797.84,1
999,336,26,81.72,4
1000,336,5,438.8,7
1001,337,14,310.2,2
1002,337,17,565.36,3
1003,337,34,650.02,8
1004,338,3,673.0,9
1005,338,16,609.82,1
1006,338,49,166.53,10
1007,339,21,21.87,4
1008,339,4,873.18,1
1009,340,30,509.67,8
1010,340,23,342.07,9
1011,341,8,143.74,3
1012,341,28,224.22,1
1013,341,24,388.29,8
1014,341,40,953.33,3
1015,341,2,630.35,4
1016,342,30,425.2,4
1017,343,32,168.49,9
1018,343,11,874.13,2
1019,343,37,97.33,1
1020,343,2,611.06,4
1021,344,50,186.99,2
1022,344,17,245.1,5
1023,344,44,514.71,6
1024,344,43,718.46,8
1025,344,5,843.42,8
1026,345,49,302.51,6
1027,345,30,663.86,9
1028,345,20,13.83,3
1029,346,13,290.38,8
1030,346,10,760.91,4
1031,347,12,401.54,1
1032,347,4,912.83,1
1033,347,32,800.96,9
1034,347,10,906.67,4
1035,348,11,764.43,6
1036,348,1,872.91,2
1037,348,44,885.29,10
1038,348,40,426.72,10
1039,348,32,671.02,4
1040,349,42,947.96,8
1041,349,27,493.42,3
1042,349,8,365.91,7
1043,349,16,933.7,5
1044,350,21,618.72,3
1045,351,8,221.08,1
1046,352,14,365.83,4
1047,352,18,616.89,3
1048,352,15,351.11,1
1049,352,20,208.62,2
1050,353,2,96.65,3
1051,353,24,340.48,5
1052,353,45,981.34,10
1053,354,35,773.12,4
1054,354,42,619.97,9
1055,355,4,386.32,1
1056,355,10,444.25,6
1057,355,25,305.18,1
1058,355,12,433.02,3
1059,356,14,723.62,7
1060,356,44,209.17,5
1061,356,45,373.46,4
1062,356,18,86.62,6
1063,357,19,659.55,3
1064,357,24,984.9,6
1065,358,2,955.37,6
1066,359,11,967.73,4
1067,359,6,452.62,1
1068,360,39,227.23,7
1069,360,43,141.28,5
1070,360,31,90.86,5
1071,360,25,257.08,5
1072,360,30,239.86,8
1073,361,36,171.25,9
1074,362,27,784.87,4
1075,363,30,817.21,4
1076,363,13,691.9,4
1077,363,5,483.08,3
1078,363,32,770.75,2
1079,363,44,721.47,8
1080,364,9,854.65,3
1081,364,39,786.7,3
1082,364,28,423.81,4
1083,364,25,348.77,2
1084,365,37,573.17,5
1085,365,12,725.46,2
1086,365,10,667.21,7
1087,366,10,984.82,5
1088,366,13,286.48,10
1089,366,5,833.12,2
1090,366,20,440.74,10
1091,367,17,316.97,7
1092,367,14,315.03,1
1093,367,5,881.9,2
1094,367,39,446.46,6
1095,367,39,566.81,1
1096,368,40,178.38,5
1097,368,1,531.09,6
1098,368,3,214.47,7
1099,368,45,425.93,2
1100,368,4,865.57,1
1101,369,36,218.72,10
1102,369,4,48.92,5
1103,369,9,546.87,2
1104,370,44,937.42,5
1105,371,19,631.68,10
1106,371,44,245.01,3
1107,371,37,755.25,6
1108,371,2,947.07,1
1109,372,23,892.27,9
1110,372,40,179.67,4
1111,373,3,949.33,4
1112,373,50,131.08,5
1113,374,11,285.34,9
1114,374,23,525.3,5
1115,374,24,584.07,1
1116,374,10,967.91,6
1117,375,39,570.07,9
1118,375,5,91.2,2
1119,375,32,843.43,2
1120,375,23,800.36,3
1121,376,46,390.94,7
1122,376,28,586.25,7
1123,376,6,586.48,9
1124,376,12,974.33,1
1125,376,2,354.49,7
1126,377,19,430.28,3
1127,377,37,386.49,6
1128,377,39,836.54,5
1129,377,7,997.33,10
1130,378,36,786.96,9
1131,378,27,125.8,7
1132,378,46,105.89,3
1133,379,9,189.51,9
1134,380,49,256.85,7
1135,380,29,881.01,8
1136,381,31,385.79,2
1137,381,37,460.92,9
1138,381,50,985.31,2
1139,382,25,883.68,3
1140,382,45,142.71,8
1141,382,47,430.41,9
1142,382,22,74.73,8
1143,383,31,600.83,2
1144,383,19,530.31,4
1145,383,14,869.57,3
1146,383,22,276.73,6
1147,383,35,957.38,2
1148,384,30,631.78,2
1149,384,27,253.95,5
1150,384,33,892.39,4
1151,385,42,293.34,8
1152,385,36,553.22,8
1153,385,29,814.82,10
1154,385,43,478.28,5
1155,385,43,389.94,7
1156,386,48,529.01,2
1157,386,41,76.95,8
1158,387,35,22.33,1
1159,387,50,274.07,2
1160,387,32,854.63,2
1161,387,27,708.62,7
1162,387,14,636.15,8
1163,388,45,889.25,5
1164,388,38,75.07,7
1165,388,19,341.26,4
1166,389,18,499.51,2
1167,389,41,975.28,7
1168,390,27,692.27,1
1169,390,14,32.28,5
1170,390,24,489.45,3
1171,391,45,379.59,9
1172,391,20,443.9,4
1173,391,3,177.61,2
1174,391,25,737.58,10
1175,392,3,178.94,1
1176,393,34,44.93,8
1177,394,37,748.22,5
1178,394,25,352.53,7
1179,394,47,609.8,5
1180,394,16,446.79,4
1181,394,40,288.09,8
1182,395,21,989.88,1
1183,396,35,815.43,8
1184,396,13,960.4,9
1185,396,39,528.99,8
1186,396,47,335.24,6
1187,397,25,90.86,10
1188,397,9,150.72,4
1189,397,15,133.29,8
1190,397,27,193.54,8
1191,397,35,145.42,3
1192,398,3,531.68,7
1193,398,1,403.7,2
1194,398,15,670.11,6
1195,398,19,98.67,9
1196,399,34,840.31,6
1197,399,49,309.28,4
1198,400,39,313.61,1
1199,401,23,888.58,1
1200,402,48,15.67,9
1201,402,5,198.61,8
1202,402,29,634.88,8
1203,403,11,255.32,7
1204,403,37,143.88,8
1205,403,2,467.48,4
1206,403,7,936.26,5
1207,403,50,776.11,1
1208,404,50,532.65,10
1209,404,8,100.86,8
1210,404,37,887.12,1
1211,404,48,140.01,5
1212,405,36,988.66,6
1213,405,46,834.82,1
1214,405,47,876.79,2
1215,406,13,746.58,1
1216,406,32,601.08,4
1217,406,11,905.28,6
1218,406,45,183.27,7
1219,406,50,716.71,6
1220,407,25,975.43,7
1221,407,11,528.54,3
1222,408,18,628.27,7
1223,409,37,68.06,2
1224,409,26,977.81,10
1225,409,40,130.93,7
1226,409,10,584.54,5
1227,410,15,700.52,9
1228,410,34,99.41,3
1229,410,6,950.2,3
1230,410,36,733.84,8
1231,410,19,17.04,5
1232,411,45,345.25,6
1233,412,14,11.4,4
1234,412,36,614.18,2
1235,412,39,978.47,7
1236,413,7,753.66,9
1237,413,10,485.43,2
1238,413,37,680.11,9
1239,413,13,271.66,5
1240,414,20,889.88,4
1241,415,20,678.23,2
1242,415,36,834.65,8
1243,415,11,758.76,3
1244,415,24,524.83,4
1245,415,13,428.92,4
1246,416,45,971.78,8
1247,417,46,420.3,8
1248,417,22,955.1,6
1249,417,10,81.83,1
1250,417,18,86.34,3
1251,418,8,289.05,10
1252,418,44,735.64,7
1253,419,9,327.59,3
1254,419,14,403.0,8
1255,419,20,865.39,3
1256,419,9,199.15,1
1257,420,37,671.5,5
1258,420,13,409.63,4
1259,420,33,59.61,2
1260,420,32,173.07,10
1261,420,28,869.81,3
1262,421,40,414.87,6
1263,422,13,454.54,3
1264,422,11,942.05,8
1265,422,37,784.75,6
1266,423,12,269.9,6
1267,423,26,791.52,4
1268,423,13,818.06,4
1269,424,40,387.73,2
1270,424,45,149.25,4
1271,425,33,697.23,5
1272,425,13,132.35,3
1273,425,40,755.4,10
1274,426,42,855.22,7
1275,427,29,903.53,3
1276,427,44,617.36,5
1277,427,26,14.81,9
1278,427,29,906.13,5
1279,427,3,19.41,2
1280,428,50,916.29,9
1281,429,35,576.86,2
1282,430,49,303.55,5
1283,431,4,935.15,9
1284,431,24,625.44,5
1285,431,20,12.52,4
1286,431,11,132.92,9
1287,431,38,30.94,3
1288,432,21,430.49,7
1289,432,42,494.61,10
1290,432,7,344.65,4
1291,432,37,844.77,5
1292,432,22,351.68,3
1293,433,39,218.83,3
1294,433,46,849.44,7
1295,433,44,507.51,2
1296,433,34,417.03,6
1297,434,12,139.83,10
1298,434,30,189.51,7
1299,434,45,979.18,9
1300,434,31,224.13,3
1301,435,20,761.46,2
1302,435,15,475.05,4
1303,435,32,308.27,7
1304,435,17,18.31,1
1305,435,9,727.8,3
1306,436,39,431.41,5
1307,436,36,490.89,1
1308,437,20,174.02,1
1309,437,8,119.08,8
1310,437,19,670.6,1
1311,437,39,441.32,7
1312,438,28,79.74,4
1313,438,48,284.75,6
1314,438,17,624.1,6
1315,438,3,90.04,10
1316,438,37,646.29,1
1317,439,49,294.01,6
1318,439,34,937.57,1
1319,439,45,965.8,9
1320,440,25,997.75,7
1321,440,27,196.26,9
1322,440,22,612.49,6
1323,441,21,12.17,1
1324,441,10,693.77,4
1325,442,46,353.72,6
1326,443,32,661.11,4
1327,443,23,325.16,3
1328,444,46,383.44,8
1329,444,28,959.81,8
1330,444,26,628.92,6
1331,444,24,631.11,8
1332,445,7,571.1,5
1333,445,16,252.85,4
1334,445,2,338.45,6
1335,445,45,809.51,7
1336,445,41,597.19,9
1337,446,27,302.09,8
1338,447,8,634.85,3
1339,447,32,651.51,1
1340,448,40,987.29,3
1341,448,33,583.81,8
1342,449,34,887.02,1
1343,449,9,441.92,4
1344,449,12,710.63,8
1345,450,7,134.25,8
1346,450,44,391.25,8
1347,450,40,635.99,8
1348,450,35,97.08,4
1349,451,21,373.79,10
1350,451,34,711.44,10
1351,452,10,490.46,8
1352,452,42,857.58,10
1353,452,7,252.51,6
1354,452,26,719.64,2
1355,453,25,70.59,9
1356,453,35,869.62,1
1357,453,32,860.32,4
1358,454,38,896.64,5
1359,455,13,792.96,8
1360,455,7,60.6,9
1361,455,17,772.68,8
1362,456,34,886.15,6
1363,456,26,112.94,6
1364,456,33,258.13,8
1365,456,9,835.54,2
1366,456,16,554.57,5
1367,457,39,672.65,8
1368,458,13,956.43,3
1369,458,4,744.07,4
1370,458,50,95.28,8
1371,459,23,255.47,1
1372,459,45,656.92,5
1373,459,13,647.44,4
1374,459,2,269.07,6
1375,460,25,537.14,6
1376,461,29,150.78,3
1377,461,50,670.19,7
1378,461,15,561.35,6
1379,461,43,111.17,5
1380,462,14,600.15,4
1381,462,30,510.68,9
1382,462,37,577.22,7
1383,462,17,261.45,5
1384,463,3,528.72,10
1385,463,21,386.68,7
1386,463,44,385.55,5
1387,464,15,59.25,10
1388,464,41,78.16,6
1389,464,11,423.09,3
1390,465,5,682.18,7
1391,465,16,938.02,6
1392,465,26,244.86,1
1393,465,19,815.36,8
1394,465,22,911.34,9
1395,466,19,146.49,4
1396,466,32,315.39,6
1397,467,12,410.72,5
1398,467,33,100.19,3
1399,467,39,154.96,2
1400,467,15,752.12,6
1401,467,17,700.2,10
1402,468,13,57.68,9
1403,468,17,544.36,3
1404,468,3,206.33,7
1405,468,17,853.96,5
1406,469,30,525.57,4
1407,470,3,279.49,8
1408,470,24,784.56,7
1409,470,20,501.04,4
1410,470,47,700.58,4
1411,471,32,383.69,6
1412,471,12,548.58,7
1413,471,49,298.28,10
1414,472,27,323.3,10
1415,472,20,305.69,7
1416,472,13,66.1,3
1417,473,22,752.34,1
1418,473,19,408.35,8
1419,474,39,80.36,7
1420,474,42,940.45,7
1421,474,20,239.81,10
1422,474,2,15.2,2
1423,475,8,778.8,10
1424,475,49,333.7,7
1425,475,39,233.61,1
1426,476,21,477.84,10
1427,476,49,101.55,6
1428,476,20,45.69,8
1429,476,32,579.11,7
1430,477,31,500.92,10
1431,477,16,540.39,9
1432,478,4,982.09,8
1433,479,28,63.53,10
1434,479,36,17.52,1
1435,479,5,564.47,3
1436,480,19,662.72,6
1437,480,44,626.05,8
1438,480,11,122.31,6
1439,480,4,701.0,2
1440,481,2,812.21,10
1441,481,28,11.89,9
1442,481,13,815.88,4
1443,481,23,544.0,9
1444,482,36,281.91,2
1445,482,1,572.0,6
1446,482,32,747.92,7
1447,482,27,462.29,10
1448,482,1,120.65,5
1449,483,41,905.93,8
1450,483,10,831.06,1
1451,483,36,584.37,4
1452,484,9,384.69,9
1453,484,22,946.29,4
1454,485,47,201.97,9
1455,485,22,489.7,4
1456,485,42,956.6,5
1457,485,27,637.71,8
1458,485,14,55.32,7
1459,486,27,923.31,8
1460,486,26,683.62,9
1461,486,31,553.37,6
1462,486,6,623.15,4
1463,486,4,327.94,4
1464,487,48,920.81,7
1465,488,18,37.12,7
1466,488,13,892.78,6
1467,488,36,702.39,1
1468,488,39,550.15,7
1469,488,26,527.44,8
1470,489,18,935.87,1
1471,489,49,662.69,3
1472,489,12,963.96,2
1473,489,49,964.66,1
1474,490,2,517.67,8
1475,490,16,535.35,4
1476,490,20,515.94,10
1477,490,11,998.11,5
1478,491,50,742.34,7
1479,491,14,484.52,6
1480,491,15,224.45,1
1481,492,31,68.22,8
1482,492,14,331.75,3
1483,492,26,646.62,7
1484,493,44,754.11,8
1485,493,37,417.82,10
1486,493,33,562.35,3
1487,494,9,734.17,6
1488,495,28,612.37,5
1489,496,5,332.44,8
1490,497,5,297.67,1
1491,497,42,705.35,5
1492,498,19,275.71,1
1493,499,31,64.03,9
1494,499,13,985.73,2
1495,500,47,900.29,9
1496,500,34,35.45,9
1497,500,37,207.98,2
1498,500,6,676.79,6
1499,501,44,275.7,2
1500,501,43,284.72,8
1501,501,25,641.33,7
1502,502,47,959.68,6
1503,503,38,760.14,1
1504,503,10,347.78,9
1505,503,41,82.24,8
1506,504,21,385.45,3
1507,504,33,81.65,5
1508,504,37,899.96,10
1509,504,44,442.93,5
1510,505,14,166.5,6
1511,506,27,855.84,4
1512,506,16,794.26,2
1513,506,13,996.86,4
1514,507,4,802.73,4
1515,507,31,489.39,6
1516,508,16,810.72,5
1517,508,43,881.13,5
1518,508,29,120.8,1
1519,509,10,50.18,9
1520,509,19,561.05,4
1521,509,13,579.97,9
1522,509,41,997.5,4
1523,510,43,645.54,9
1524,511,27,303.64,6
1525,511,19,985.94,1
1526,511,2,942.5,2
1527,511,11,404.15,4
1528,512,30,490.01,1
1529,512,30,946.71,7
1530,512,32,843.98,1
1531,512,42,47.59,5
1532,513,42,787.76,9
1533,513,35,531.31,10
1534,513,10,19.36,5
1535,513,40,580.03,5
1536,513,33,931.21,1
1537,514,16,705.79,6
1538,514,33,335.37,7
1539,515,22,876.88,6
1540,515,44,170.24,1
1541,515,15,998.72,9
1542,515,4,213.74,2
1543,516,5,569.25,8
1544,516,26,849.61,9
1545,516,42,299.5,7
1546,517,39,497.17,9
1547,517,8,48.01,3
1548,517,24,514.74,3
1549,518,20,657.86,8
1550,518,2,749.22,1
1551,519,4,863.73,4
1552,519,10,141.9,2
1553,519,11,207.14,7
1554,519,37,977.04,6
1555,520,7,738.74,9
1556,520,47,283.98,8
1557,520,5,230.9,2
1558,520,13,754.75,1
1559,521,13,25.19,6
1560,522,28,367.49,1
1561,523,38,667.21,8
1562,523,42,681.42,8
1563,524,34,711.16,3
1564,524,13,956.57,2
1565,525,8,708.86,5
1566,525,31,684.28,9
1567,526,31,675.25,9
1568,526,27,518.48,8
1569,526,32,124.97,9
1570,526,31,999.42,5
1571,526,30,935.45,2
1572,527,46,621.53,9
1573,527,27,237.2,4
1574,527,30,403.12,5
1575,528,45,169.67,10
1576,528,1,597.47,8
1577,528,5,502.16,6
1578,528,38,951.88,8
1579,529,9,172.83,6
1580,529,10,987.73,3
1581,530,29,40.88,8
1582,530,18,627.08,9
1583,530,44,322.12,8
1584,531,34,136.98,5
1585,531,1,222.75,10
1586,531,28,542.7,4
1587,531,12,240.6,5
1588,531,10,562.12,3
1589,532,48,178.52,7
1590,533,19,827.47,7
1591,533,2,600.52,7
1592,534,32,906.7,3
1593,534,22,293.71,6
1594,534,6,654.62,5
1595,535,33,732.47,7
1596,535,20,748.73,4
1597,535,11,96.41,10
1598,535,44,508.46,5
1599,536,45,872.03,4
1600,536,22,460.3,3
1601,536,26,456.02,1
1602,536,24,31.61,9
1603,536,32,316.83,9
1604,537,35,111.09,2
1605,537,11,220.77,4
1606,537,2,36.52,7
1607,537,37,373.59,8
1608,537,40,114.23,1
1609,538,25,348.87,3
1610,538,29,85.49,3
1611,538,22,604.22,5
1612,539,38,254.65,2
1613,539,25,743.13,5
1614,539,35,706.65,8
1615,539,17,575.8,1
1616,540,27,938.92,9
1617,540,43,909.45,10
1618,540,9,250.89,2
1619,541,18,714.78,2
1620,541,22,107.79,4
1621,541,11,902.64,1
1622,542,7,884.35,5
1623,542,2,306.8,8
1624,542,13,415.93,3
1625,542,34,587.81,3
1626,543,36,635.56,4
1627,543,12,890.51,5
1628,543,3,802.7,6
1629,543,22,210.5,3
1630,544,23,27.76,2
1631,544,40,854.38,10
1632,544,30,558.24,2
1633,545,42,637.33,6
1634,545,16,402.9,1
1635,546,37,385.66,2
1636,546,30,243.76,5
1637,546,32,788.86,7
1638,547,5,460.38,4
1639,547,23,138.84,4
1640,547,20,942.27,2
1641,548,19,452.08,2
1642,548,16,364.76,7
1643,548,27,943.4,1
1644,549,44,915.15,5
1645,549,49,75.51,2
1646,549,14,433.66,5
1647,549,27,980.29,4
1648,550,25,34.0,4
1649,550,27,485.15,6
1650,550,17,888.04,1
1651,550,36,74.58,1
1652,551,3,254.72,2
1653,551,36,312.99,2
1654,551,35,119.64,2
1655,552,48,590.42,5
1656,553,35,746.24,2
1657,553,29,650.16,7
1658,553,29,706.58,2
1659,553,18,272.02,8
1660,554,22,442.7,6
1661,554,12,892.14,3
1662,554,35,599.47,9
1663,554,37,349.38,9
1664,555,4,739.66,8
1665,556,39,98.97,6
1666,556,48,173.76,3
1667,556,1,72.74,3
1668,557,40,719.54,5
1669,557,45,638.81,8
1670,557,13,582.64,10
1671,557,34,725.62,3
1672,557,38,818.66,2
1673,558,2,374.18,8
1674,558,38,509.42,8
1675,558,50,564.39,10
1676,559,24,99.87,9
1677,560,23,639.09,8
1678,560,24,290.24,8
1679,560,44,732.06,9
1680,560,8,380.27,10
1681,560,27,417.91,8
1682,561,21,433.48,8
1683,561,6,313.24,8
1684,561,37,840.6,7
1685,561,16,953.53,10
1686,561,27,457.94,10
1687,562,25,925.28,7
1688,562,14,568.34,2
1689,562,45,887.89,9
1690,562,9,904.16,8
1691,562,4,554.64,7
1692,563,28,577.36,8
1693,563,48,908.04,3
1694,564,50,840.09,10
1695,565,42,586.31,10
1696,565,31,44.94,1
1697,565,16,432.94,6
1698,566,33,693.18,9
1699,567,12,127.96,6
1700,568,5,438.12,4
1701,569,18,180.13,3
1702,569,31,136.71,9
1703,570,42,837.6,4
1704,570,42,392.36,6
1705,570,38,999.67,4
1706,570,49,75.88,3
1707,570,1,751.9,9
1708,571,23,136.05,5
1709,571,22,147.9,8
1710,571,29,452.75,7
1711,571,23,731.51,7
1712,571,41,124.13,3
1713,572,25,615.56,9
1714,573,42,219.99,9
1715,573,31,796.15,1
1716,573,48,246.71,5
1717,573,50,370.02,1
1718,574,33,300.87,5
1719,574,19,635.06,4
1720,575,30,525.37,9
1721,575,15,529.57,4
1722,575,27,380.65,5
1723,575,44,617.31,9
1724,576,30,70.6,1
1725,577,11,359.51,2
1726,577,15,503.31,3
1727,577,50,751.77,3
1728,577,6,979.78,9
1729,577,2,92.85,9
1730,578,25,372.51,2
1731,578,7,669.22,10
1732,578,26,463.77,9
1733,579,13,184.35,1
1734,579,16,235.4,10
1735,579,17,906.88,3
1736,579,26,940.49,10
1737,580,20,680.7,2
1738,580,11,417.26,1
1739,580,19,387.99,1
1740,581,31,932.88,4
1741,581,9,515.26,9
1742,582,24,844.75,5
1743,582,29,360.06,9
1744,582,26,155.15,7
1745,582,26,101.69,2
1746,583,30,746.5,1
1747,583,11,170.89,8
1748,583,25,562.91,2
1749,583,19,415.27,6
1750,583,18,47.71,5
1751,584,45,176.27,4
1752,585,43,881.98,5
1753,585,31,231.44,3
1754,585,31,325.82,4
1755,585,16,73.5,1
1756,585,28,928.29,5
1757,586,43,851.11,9
1758,587,22,50.4,10
1759,587,35,212.09,4
1760,587,30,670.73,5
1761,588,16,598.16,2
1762,588,22,553.35,8
1763,588,43,949.83,4
1764,588,27,306.51,9
1765,589,37,922.08,5
1766,590,2,12.65,6
1767,590,19,184.79,7
1768,590,15,460.09,9
1769,590,46,333.65,9
1770,591,44,424.87,7
1771,591,49,394.34,5
1772,592,21,102.42,10
1773,592,8,338.59,10
1774,592,44,427.57,9
1775,593,22,31.03,5
1776,593,7,448.74,4
1777,594,11,817.26,6
1778,595,39,731.88,9
1779,595,16,694.95,8
1780,596,1,377.47,9
1781,596,33,524.86,1
1782,596,23,395.67,5
1783,596,18,542.33,3
1784,596,1,152.76,6
1785,597,44,462.96,2
1786,597,12,328.01,8
1787,597,46,194.17,8
1788,598,27,480.74,6
1789,598,23,402.47,9
1790,598,30,582.15,4
1791,599,38,555.03,6
1792,599,31,885.71,10
1793,599,41,449.37,5
1794,599,42,481.29,6
1795,599,15,463.98,7
1796,600,12,430.95,1
1797,600,44,902.55,8
1798,600,4,482.04,6
1799,600,32,243.17,6
1800,601,15,605.54,3
1801,601,15,291.11,8
1802,601,28,570.91,6
1803,601,28,950.3,7
1804,601,35,399.74,1
1805,602,37,885.18,5
1806,602,11,108.11,10
1807,602,47,733.36,8
1808,602,3,392.68,4
1809,602,16,56.26,10
1810,603,27,793.47,9
1811,603,37,960.19,6
1812,603,5,530.95,6
1813,603,49,314.52,2
1814,604,48,772.79,3
1815,605,18,959.52,8
1816,605,17,37.19,3
1817,605,43,296.8,4
1818,605,25,852.77,9
1819,605,45,146.21,3
1820,606,25,79.12,5
1821,606,3,650.66,1
1822,606,35,996.02,6
1823,606,21,51.97,6
1824,606,32,100.72,4
1825,607,26,520.56,2
1826,608,41,450.68,7
1827,608,18,394.25,9
1828,608,3,546.13,7
1829,608,37,526.43,8
1830,609,22,415.67,4
1831,610,30,782.13,3
1832,610,46,549.29,9
1833,610,33,646.38,2
1834,610,15,931.1,4
1835,611,43,174.87,10
1836,611,35,891.83,10
1837,611,23,689.36,9
1838,611,36,498.56,5
1839,611,26,284.62,7
1840,612,36,211.65,4
1841,612,50,307.85,5
1842,612,15,91.73,10
1843,613,16,206.1,3
1844,613,14,20.33,4
1845,614,36,810.53,3
1846,615,2,904.31,5
1847,615,33,582.94,10
1848,616,46,583.92,4
1849,616,32,623.18,2
1850,616,10,236.11,3
1851,617,16,668.15,3
1852,617,41,954.36,8
1853,617,18,830.64,1
1854,618,29,555.01,3
1855,619,3,580.17,3
1856,619,22,492.84,9
1857,619,7,406.42,8
1858,619,41,601.65,8
1859,619,44,710.4,2
1860,620,24,635.59,4
1861,620,50,662.37,9
1862,621,46,515.01,1
1863,621,18,883.82,6
1864,621,44,956.66,7
1865,621,27,678.42,7
1866,621,2,126.82,3
1867,622,13,886.8,1
1868,623,17,716.07,1
1869,623,9,235.13,6
1870,623,50,40.3,3
1871,624,36,877.05,10
1872,624,34,435.58,9
1873,624,23,182.63,10
1874,625,4,688.03,1
1875,626,1,848.25,4
1876,627,16,626.9,4
1877,627,3,783.42,9
1878,627,23,883.98,6
1879,627,33,163.7,7
1880,628,7,876.55,10
1881,629,45,265.98,5
1882,629,33,689.37,3
1883,630,24,917.14,6
1884,631,40,646.73,9
1885,631,7,195.09,6
1886,631,30,758.88,2
1887,631,36,798.57,8
1888,631,40,47.1,8
1889,632,45,823.31,2
1890,632,34,300.91,2
1891,633,32,235.9,8
1892,633,41,569.12,8
1893,633,18,476.49,2
1894,634,23,573.19,5
1895,635,32,815.08,10
1896,635,38,698.57,2
1897,636,4,379.91,5
1898,636,17,893.26,9
1899,636,12,139.28,4
1900,636,43,287.47,3
1901,637,10,293.27,3
1902,637,19,137.61,8
1903,637,24,112.37,3
1904,638,22,747.3,2
1905,638,35,585.45,7
1906,638,49,755.16,3
1907,638,27,205.13,7
1908,638,22,528.28,10
1909,639,34,187.18,4
1910,640,37,509.85,5
1911,641,43,437.43,9
1912,641,34,757.41,8
1913,641,48,565.44,7
1914,641,46,318.58,8
1915,642,4,443.37,3
1916,642,42,114.75,4
1917,642,19,384.02,1
1918,642,1,809.25,9
1919,643,32,288.55,8
1920,643,9,846.0,7
1921,643,11,950.41,6
1922,643,48,165.74,5
1923,644,11,287.5,7
1924,644,24,416.47,1
1925,644,15,214.0,3
1926,645,16,988.27,10
1927,645,36,968.4,8
1928,645,50,958.07,1
1929,645,40,365.83,7
1930,646,37,791.0,6
1931,646,25,485.92,2
1932,646,22,743.8,4
1933,647,7,127.74,3
1934,647,49,976.42,2
1935,647,20,543.55,2
1936,647,22,182.07,2
1937,648,41,985.46,1
1938,648,16,196.84,10
1939,649,39,594.14,4
1940,650,4,829.96,6
1941,650,29,645.79,3
1942,651,9,577.82,6
1943,651,2,765.11,7
1944,651,16,748.27,2
1945,652,6,768.25,1
1946,652,33,277.32,1
1947,652,41,541.01,9
1948,652,22,281.49,2
1949,652,21,507.53,8
1950,653,38,27.43,3
1951,653,48,977.49,3
1952,654,14,455.42,10
1953,654,32,844.84,5
1954,654,39,776.47,9
1955,654,34,536.51,10
1956,655,50,528.9,4
1957,655,11,231.2,6
1958,656,34,219.8,10
1959,656,1,883.93,1
1960,656,16,226.34,8
1961,656,2,210.28,9
1962,657,44,503.04,6
1963,657,29,799.52,6
1964,657,34,290.14,10
1965,657,6,571.3,4
1966,657,38,342.23,4
1967,658,28,912.79,3
1968,658,5,512.22,4
1969,659,36,632.61,9
1970,659,11,114.17,8
1971,659,8,936.37,9
1972,659,1,146.3,8
1973,659,26,916.95,10
1974,660,19,220.93,6
1975,660,13,463.6,7
1976,660,30,91.52,2
1977,661,8,208.96,4
1978,661,31,307.96,9
1979,662,16,530.74,8
1980,662,45,283.58,8
1981,662,50,234.29,7
1982,662,2,803.32,5
1983,663,43,130.52,4
1984,663,27,579.88,10
1985,663,49,219.56,5
1986,664,42,91.39,3
1987,664,1,431.55,1
1988,665,40,761.01,3
1989,665,33,636.14,3
1990,665,27,342.71,5
1991,666,28,965.0,5
1992,666,2,221.99,8
1993,666,28,216.02,6
1994,667,47,991.65,10
1995,667,24,762.63,7
1996,667,45,133.94,2
1997,667,45,88.82,1
1998,668,26,90.85,4
1999,668,11,637.3,9
2000,668,6,248.15,3
2001,669,21,845.57,2
2002,669,41,208.32,8
2003,669,38,233.6,1
2004,670,17,141.04,5
2005,670,9,312.29,6
2006,670,9,736.09,6
2007,670,17,884.78,1
2008,671,47,83.35,4
2009,671,19,990.25,9
2010,672,6,385.87,4
2011,672,32,976.06,2
2012,672,2,60.34,10
2013,673,6,788.06,7
2014,673,6,472.93,9
2015,673,3,173.22,3
2016,673,29,525.09,6
2017,674,13,32.32,3
2018,674,7,888.77,8
2019,674,33,987.07,4
2020,675,14,326.82,1
2021,676,3,676.97,4
2022,676,44,518.17,2
2023,676,42,797.71,3
2024,677,4,967.52,2
2025,677,30,860.2,7
2026,677,21,217.17,2
2027,677,18,628.51,4
2028,678,12,507.01,2
2029,678,48,95.82,6
2030,678,3,592.55,1
2031,678,20,75.95,2
2032,679,36,658.94,2
2033,679,29,731.58,9
2034,679,43,304.41,1
2035,679,45,91.93,7
2036,680,35,514.81,9
2037,680,17,665.9,8
2038,680,10,111.32,9
2039,680,6,805.87,6
2040,680,25,495.59,8
2041,681,40,477.92,5
2042,681,28,727.11,9
2043,681,24,445.42,4
2044,682,32,638.73,3
2045,682,6,436.76,5
2046,682,49,689.51,7
2047,682,6,245.89,7
2048,682,20,62.3,5
2049,683,19,562.3,3
2050,683,8,46.42,1
2051,684,9,662.54,5
2052,684,38,834.53,4
2053,684,26,61.61,1
2054,684,17,680.61,6
2055,684,28,341.77,5
2056,685,25,316.33,3
2057,685,29,673.07,2
2058,686,46,953.26,1
2059,686,6,332.26,10
2060,686,16,646.89,7
2061,687,27,199.38,10
2062,688,5,780.89,9
2063,688,6,769.16,8
2064,688,8,920.17,6
2065,689,45,885.55,9
2066,689,37,479.97,3
2067,689,21,728.42,8
2068,690,10,427.26,4
2069,690,8,834.14,8
2070,690,19,884.86,10
2071,690,42,217.5,4
2072,690,20,419.22,8
2073,691,25,594.23,5
2074,692,25,336.94,8
2075,692,45,980.28,10
2076,692,39,22.35,3
2077,692,24,822.42,2
2078,692,45,245.82,6
2079,693,45,758.46,3
2080,693,27,925.11,3
2081,693,25,654.15,7
2082,693,44,355.85,2
2083,694,39,693.74,5
2084,694,22,416.86,7
2085,694,46,499.84,7
2086,694,26,95.53,9
2087,694,35,902.36,10
2088,695,11,167.22,2
2089,695,11,691.19,4
2090,696,49,86.73,9
2091,696,38,414.6,1
2092,697,13,726.45,5
2093,697,36,833.77,7
2094,697,11,510.37,1
2095,698,39,868.61,5
2096,698,35,95.96,10
2097,698,19,630.2,4
2098,698,36,878.7,5
2099,699,28,433.25,10
2100,699,34,17.87,9
2101,699,7,156.16,9
2102,700,45,948.12,1
2103,701,4,320.17,9
2104,701,35,588.91,6
2105,701,28,58.71,6
2106,701,43,960.32,10
2107,701,26,347.17,3
2108,702,41,864.53,7
2109,702,39,228.85,9
2110,702,21,471.33,5
2111,702,45,739.48,10
2112,702,40,697.44,6
2113,703,35,928.66,9
2114,703,32,791.11,10
2115,704,35,443.63,4
2116,704,6,183.61,9
2117,704,16,727.44,2
2118,704,50,261.88,7
2119,704,44,108.93,8
2120,705,28,817.9,4
2121,705,2,911.2,8
2122,706,22,961.13,9
2123,707,26,836.75,4
2124,708,14,363.01,7
2125,708,36,184.92,10
2126,709,35,24.53,2
2127,709,5,112.9,9
2128,709,17,644.08,5
2129,709,2,222.82,3
2130,709,42,635.65,8
2131,710,50,23.68,10
2132,710,47,490.39,1
2133,710,28,879.97,9
2134,710,18,99.48,1
2135,711,14,464.06,1
2136,711,14,741.91,3
2137,712,40,132.85,7
2138,712,40,566.54,3
2139,713,26,82.25,1
2140,713,49,312.48,7
2141,713,1,698.66,7
2142,713,46,95.34,5
2143,714,19,407.03,2
2144,714,1,478.65,1
2145,714,21,783.66,10
2146,714,45,702.89,2
2147,715,34,434.08,10
2148,715,6,31.67,10
2149,715,47,546.65,9
2150,716,9,731.65,3
2151,716,16,367.56,2
2152,717,28,605.63,4
2153,717,27,928.54,5
2154,717,42,135.27,9
2155,717,41,926.5,2
2156,717,18,874.78,6
2157,718,27,63.97,6
2158,718,22,546.8,5
2159,719,18,606.99,4
2160,720,46,613.27,2
2161,720,41,50.96,7
2162,721,40,493.34,4
2163,721,1,239.92,2
2164,722,10,746.67,3
2165,722,21,798.22,3
2166,722,11,975.51,8
2167,723,43,661.15,3
2168,723,24,655.74,9
2169,723,16,868.38,4
2170,723,48,24.67,9
2171,724,11,750.71,7
2172,724,50,92.85,9
2173,725,38,480.21,1
2174,725,34,165.58,6
2175,725,36,97.79,1
2176,725,49,876.12,10
2177,726,25,320.94,3
2178,726,34,535.22,10
2179,726,11,339.57,9
2180,726,21,17.27,9
2181,727,35,41.75,7
2182,727,19,43.71,9
2183,727,19,705.66,4
2184,728,27,128.1,7
2185,728,30,739.76,7
2186,728,15,261.25,1
2187,729,44,189.03,5
2188,729,30,470.24,1
2189,729,40,657.26,1
2190,729,12,217.63,8
2191,730,27,638.61,9
2192,731,35,127.46,6
2193,731,20,219.23,9
2194,731,23,673.87,6
2195,732,43,250.54,3
2196,732,37,590.58,10
2197,732,46,926.99,2
2198,733,44,516.92,1
2199,733,10,289.64,2
2200,733,50,604.75,6
2201,734,17,314.12,10
2202,734,13,674.18,6
2203,735,42,610.2,9
2204,735,8,565.86,9
2205,735,42,753.65,7
2206,736,50,237.83,4
2207,736,42,826.32,10
2208,736,41,166.11,6
2209,737,39,303.88,4
2210,737,37,248.38,4
2211,737,37,961.68,6
2212,737,33,362.91,3
2213,738,20,531.48,9
2214,738,22,334.41,7
2215,738,45,810.25,8
2216,738,7,144.22,7
2217,738,44,155.28,4
2218,739,40,643.66,4
2219,739,29,279.37,3
2220,740,37,618.21,1
2221,741,37,906.67,9
2222,741,17,541.59,8
2223,741,12,946.43,10
2224,742,21,422.96,8
2225,742,35,490.63,3
2226,742,23,830.25,2
2227,742,39,551.38,9
2228,742,5,991.14,1
2229,743,27,728.46,7
2230,744,42,145.18,4
2231,744,37,910.56,10
2232,744,37,226.13,4
2233,744,12,344.8,8
2234,745,44,501.18,6
2235,745,20,428.3,8
2236,745,1,848.02,2
2237,745,24,698.21,2
2238,745,30,275.88,3
2239,746,25,944.14,10
2240,746,35,616.31,9
2241,747,20,794.23,5
2242,747,10,701.62,9
2243,747,33,505.53,2
2244,748,16,531.61,5
2245,748,27,711.17,2
2246,748,27,210.78,1
2247,749,9,102.88,10
2248,749,8,364.89,6
2249,749,34,26.51,3
2250,749,37,824.6,10
2251,750,40,880.42,3
2252,750,20,871.03,2
2253,750,14,496.41,6
2254,750,31,984.93,9
2255,751,40,193.32,7
2256,751,19,72.56,4
2257,751,8,857.63,3
2258,751,36,688.14,8
2259,752,2,970.33,4
2260,752,37,573.94,4
2261,752,37,137.09,1
2262,752,33,465.33,1
2263,753,45,248.56,4
2264,754,27,706.31,8
2265,754,16,773.32,4
2266,754,6,510.64,4
2267,754,48,645.95,1
2268,755,37,326.93,3
2269,755,19,694.75,8
2270,755,29,90.19,5
2271,755,22,661.51,8
2272,755,27,767.44,3
2273,756,21,379.72,8
2274,756,47,811.25,7
2275,756,29,63.1,7
2276,756,43,549.56,10
2277,756,4,822.44,1
2278,757,27,928.75,6
2279,757,35,724.41,6
2280,757,49,920.19,6
2281,758,22,255.67,4
2282,759,9,272.24,8
2283,759,19,813.98,1
2284,759,1,118.11,2
2285,759,19,131.52,3
2286,760,30,917.79,4
2287,760,36,151.54,2
2288,760,3,614.52,1
2289,760,18,286.18,3
2290,761,11,649.69,6
2291,761,42,76.31,10
2292,762,42,943.53,8
2293,762,46,958.47,10
2294,762,17,335.71,5
2295,763,16,292.37,6
2296,763,47,570.98,9
2297,763,1,131.36,1
2298,763,16,840.25,4
2299,763,2,350.72,5
2300,764,26,247.0,1
2301,764,15,489.05,8
2302,764,10,180.07,6
2303,765,14,967.73,9
2304,765,40,715.91,2
2305,765,38,503.41,2
2306,766,33,36.07,6
2307,767,21,957.57,5
2308,767,41,887.94,1
2309,767,42,287.96,9
2310,768,48,779.34,1
2311,769,30,757.49,8
2312,769,50,214.02,1
2313,769,41,773.17,4
2314,769,38,502.11,5
2315,770,28,137.36,8
2316,771,45,686.54,5
2317,771,29,297.24,9
2318,771,2,576.27,1
2319,772,11,730.01,2
2320,772,19,286.57,2
2321,772,49,452.5,2
2322,772,45,919.53,10
2323,773,1,267.85,9
2324,773,21,911.05,8
2325,773,11,298.74,8
2326,773,42,180.15,5
2327,773,18,408.74,8
2328,774,11,852.07,2
2329,774,38,796.31,10
2330,774,17,622.36,9
2331,775,26,992.93,10
2332,775,32,269.16,8
2333,775,18,231.8,5
2334,775,24,882.33,10
2335,775,23,283.93,3
2336,776,18,976.12,10
2337,776,26,362.8,5
2338,776,47,868.09,8
2339,777,18,645.87,6
2340,778,31,422.94,6
2341,778,48,214.08,3
2342,778,34,164.17,9
2343,778,46,28.53,5
2344,778,23,224.75,5
2345,779,43,716.66,9
2346,779,31,20.24,4
2347,779,14,691.2,3
2348,780,27,864.53,2
2349,781,2,500.75,8
2350,781,13,846.83,6
2351,781,8,45.72,10
2352,781,44,901.25,9
2353,782,36,528.78,10
2354,782,6,628.01,10
2355,782,50,16.76,2
2356,782,30,597.84,10
2357,782,45,939.17,4
2358,783,10,451.19,2
2359,784,42,481.48,4
2360,784,31,526.11,9
2361,784,6,801.49,4
2362,784,16,307.14,8
2363,784,5,337.02,4
2364,785,42,805.17,3
2365,785,11,221.18,7
2366,785,48,605.04,1
2367,785,24,743.9,6
2368,786,41,397.11,4
2369,787,25,499.45,1
2370,787,27,489.47,1
2371,787,48,974.53,9
2372,787,41,14.8,5
2373,788,50,884.66,5
2374,788,29,312.69,6
2375,788,12,171.63,5
2376,789,45,711.55,9
2377,789,14,86.84,8
2378,789,33,38.86,3
2379,789,33,806.23,3
2380,789,26,58.84,5
2381,790,7,95.76,1
2382,790,11,77.91,8
2383,790,36,942.69,2
2384,790,30,858.38,3
2385,791,28,891.22,1
2386,791,42,192.86,8
2387,791,32,889.81,10
2388,791,4,467.32,2
2389,791,9,420.55,10
2390,792,6,41.49,3
2391,792,45,971.59,2
2392,792,12,228.76,8
2393,793,14,546.16,7
2394,793,44,236.83,5
2395,793,40,549.94,5
2396,793,45,768.17,8
2397,794,8,204.29,10
2398,795,22,896.01,10
2399,796,6,485.31,3
2400,796,2,286.54,10
2401,796,11,81.67,9
2402,797,38,359.95,2
2403,797,26,740.33,2
2404,797,18,836.31,4
2405,797,17,360.92,8
2406,798,28,960.87,6
2407,798,21,873.74,9
2408,798,27,702.49,9
2409,798,20,142.37,10
2410,798,50,661.22,2
2411,799,9,239.71,10
2412,799,50,810.15,9
2413,799,50,688.6,1
2414,800,23,117.24,9
2415,801,46,752.29,2
2416,801,11,102.93,10
2417,801,36,397.13,4
2418,801,21,900.52,1
2419,802,45,438.55,4
2420,802,24,723.92,4
2421,802,4,701.41,9
2422,803,30,434.02,3
2423,803,15,464.57,9
2424,803,41,512.42,9
2425,803,49,879.85,4
2426,804,12,283.98,1
2427,804,44,11.05,7
2428,804,10,882.86,6
2429,804,6,228.86,5
2430,804,17,825.5,10
2431,805,11,529.19,8
2432,805,9,772.47,3
2433,806,25,821.45,7
2434,806,15,305.0,5
2435,806,36,421.81,9
2436,807,49,827.2,6
2437,807,13,569.19,3
2438,807,40,219.22,7
2439,807,28,496.99,4
2440,807,14,264.95,10
2441,808,49,79.75,9
2442,808,41,28.63,4
2443,808,6,371.37,10
2444,809,32,316.37,3
2445,809,32,922.06,3
2446,809,33,915.88,8
2447,809,33,842.23,3
2448,810,39,866.53,4
2449,810,9,483.77,9
2450,810,24,642.83,7
2451,810,28,825.57,6
2452,810,29,788.68,3
2453,811,2,56.14,8
2454,811,42,792.59,10
2455,812,44,180.94,10
2456,812,27,450.47,8
2457,812,44,188.04,4
2458,812,27,750.39,1
2459,813,7,188.47,2
2460,813,36,869.89,2
2461,814,28,171.83,6
2462,814,43,705.27,10
2463,815,17,357.65,7
2464,815,50,101.99,6
2465,815,49,916.04,8
2466,815,2,23.2,8
2467,815,48,300.63,3
2468,816,4,224.98,4
2469,816,20,360.59,9
2470,817,20,474.76,3
2471,817,46,344.11,6
2472,817,11,235.48,9
2473,817,39,223.59,7
2474,817,3,658.76,8
2475,818,49,921.81,6
2476,819,38,853.74,3
2477,819,36,16.26,8
2478,819,34,878.35,5
2479,819,27,149.0,7
2480,819,23,854.11,9
2481,820,37,595.19,1
2482,820,33,517.44,5
2483,821,42,370.4,4
2484,822,17,772.7,3
2485,822,2,675.8,6
2486,822,37,539.14,4
2487,822,14,33.63,5
2488,822,25,597.24,7
2489,823,39,523.57,3
2490,823,20,287.8,2
2491,823,32,279.02,9
2492,823,12,727.41,4
2493,824,29,623.67,5
2494,825,33,761.02,8
2495,825,24,134.72,5
2496,825,2,461.47,6
2497,826,36,315.21,7
2498,826,30,47.02,10
2499,826,28,549.25,9
2500,826,9,251.78,6
2501,826,38,127.21,8
2502,827,39,492.75,2
2503,827,26,595.8,6
2504,827,28,212.29,7
2505,828,42,862.57,1
2506,828,40,13.03,4
2507,828,38,278.88,8
2508,828,50,927.4,3
2509,829,4,151.56,4
2510,829,45,685.21,10
2511,830,19,536.24,8
2512,830,47,62.08,9
2513,830,6,123.21,2
2514,831,27,809.32,3
2515,831,5,750.55,4
2516,831,32,754.1,1
2517,832,43,693.61,6
2518,832,1,939.21,2
2519,832,18,251.53,5
2520,833,28,760.59,7
2521,833,46,574.64,1
2522,833,36,821.59,9
2523,834,16,129.93,10
2524,834,49,21.85,1
2525,834,22,949.19,1
2526,834,2,777.6,7
2527,834,13,869.29,2
2528,835,23,673.34,1
2529,835,15,220.49,1
2530,835,8,441.29,5
2531,836,4,778.1,6
2532,836,20,436.27,5
2533,836,3,700.13,8
2534,836,11,705.62,4
2535,836,21,833.51,3
2536,837,8,433.92,6
2537,837,30,634.9,3
2538,837,24,991.2,2
2539,837,17,156.81,5
2540,837,5,260.9,3
2541,838,39,320.6,1
2542,839,17,132.12,9
2543,839,17,206.88,3
2544,839,46,156.48,3
2545,839,12,923.45,9
2546,840,46,744.43,8
2547,840,40,409.48,1
2548,840,5,19.35,7
2549,840,13,344.57,7
2550,840,22,805.39,2
2551,841,48,492.71,9
2552,842,21,801.93,10
2553,842,36,428.32,3
2554,842,15,61.48,5
2555,843,41,285.01,3
2556,843,40,128.26,7
2557,844,22,409.27,5
2558,844,23,845.94,3
2559,844,7,994.75,6
2560,844,47,104.77,3
2561,845,43,870.47,3
2562,845,21,298.02,5
2563,845,35,358.63,4
2564,846,25,738.85,3
2565,846,48,87.49,10
2566,846,16,446.7,2
2567,846,43,469.31,4
2568,847,28,221.32,9
2569,848,49,267.38,8
2570,848,1,430.33,1
2571,848,30,100.0,6
2572,848,22,254.68,9
2573,849,9,134.45,7
2574,849,33,934.07,3
2575,849,1,400.04,8
2576,849,31,379.34,1
2577,849,42,385.41,1
2578,850,23,836.38,2
2579,850,47,422.47,5
2580,851,46,332.32,7
2581,851,48,375.95,3
2582,851,43,640.9,7
2583,851,34,238.42,4
2584,852,1,258.15,8
2585,852,22,335.38,1
2586,853,25,490.88,1
2587,853,27,950.91,5
2588,853,5,142.37,4
2589,853,38,687.52,4
2590,854,36,696.26,6
2591,854,26,977.93,3
2592,854,18,241.1,5
2593,854,28,230.24,3
2594,855,32,575.71,9
2595,856,31,491.4,6
2596,856,38,941.35,8
2597,856,16,333.91,8
2598,856,44,324.76,8
2599,856,48,25.89,7
2600,857,47,779.64,9
2601,857,2,248.05,3
2602,857,26,714.09,2
2603,857,7,469.5,1
2604,858,26,828.57,5
2605,859,37,503.51,10
2606,859,8,415.91,4
2607,859,37,686.61,2
2608,859,20,837.44,6
2609,859,14,750.8,2
2610,860,14,108.24,2
2611,860,49,472.49,3
2612,860,35,87.5,3
2613,860,29,462.48,5
2614,861,32,435.27,4
2615,861,49,947.96,4
2616,861,39,118.86,4
2617,861,21,803.4,7
2618,861,39,684.32,2
2619,862,14,364.24,1
2620,863,22,725.55,2
2621,863,9,556.92,10
2622,863,35,46.47,10
2623,863,49,254.1,5
2624,863,11,506.78,4
2625,864,10,125.37,2
2626,864,32,736.53,7
2627,865,2,753.25,7
2628,865,48,102.07,5
2629,866,24,458.87,9
2630,866,49,245.02,8
2631,867,32,198.25,5
2632,867,50,708.21,6
2633,867,13,135.1,1
2634,868,43,210.0,9
2635,868,38,69.65,4
2636,868,27,818.12,6
2637,869,4,921.31,6
2638,869,27,113.9,8
2639,869,49,815.53,6
2640,869,19,207.46,9
2641,870,2,215.17,8
2642,870,38,571.27,9
2643,870,49,491.01,10
2644,870,30,808.13,10
2645,871,46,90.16,5
2646,871,31,916.1,2
2647,871,35,802.6,5
2648,871,9,813.65,6
2649,871,45,359.23,9
2650,872,38,659.03,4
2651,872,41,303.85,6
2652,873,4,234.27,10
2653,873,41,459.18,9
2654,873,43,291.71,7
2655,873,2,817.41,7
2656,874,45,518.79,7
2657,874,49,892.35,10
2658,874,48,322.98,5
2659,875,48,183.14,6
2660,875,27,611.18,5
2661,875,34,99.85,2
2662,875,42,294.33,9
2663,875,37,526.97,3
2664,876,16,29.01,6
2665,877,50,111.12,6
2666,877,11,190.83,6
2667,877,50,890.71,2
2668,877,6,50.22,6
2669,877,35,813.11,8
2670,878,10,673.9,2
2671,878,27,568.06,4
2672,879,11,882.54,2
2673,879,12,909.02,4
2674,879,1,875.48,6
2675,880,9,833.27,1
2676,880,16,381.52,1
2677,880,48,37.94,3
2678,880,15,35.04,9
2679,881,11,544.06,10
2680,881,4,55.93,6
2681,881,44,937.69,4
2682,881,41,563.28,6
2683,881,43,611.99,9
2684,882,24,628.82,5
2685,882,22,783.48,9
2686,882,29,580.45,8
2687,882,22,872.29,7
2688,883,11,800.92,5
2689,883,27,338.99,2
2690,883,22,609.55,4
2691,883,2,286.42,6
2692,884,26,713.01,9
2693,885,3,630.36,10
2694,886,24,73.59,9
2695,887,1,210.73,3
2696,887,21,971.19,9
2697,887,24,622.13,5
2698,887,25,205.33,10
2699,887,5,738.06,3
2700,888,41,834.38,2
2701,888,31,321.01,5
2702,888,12,993.54,3
2703,888,2,281.64,6
2704,888,33,319.91,10
2705,889,16,452.71,1
2706,890,2,319.2,9
2707,890,1,96.25,9
2708,891,22,234.94,4
2709,891,46,87.44,3
2710,891,26,747.64,7
2711,891,16,805.96,8
2712,892,12,321.13,7
2713,892,32,620.39,2
2714,892,13,966.04,6
2715,892,41,183.14,2
2716,892,4,888.68,5
2717,893,38,82.49,8
2718,893,39,973.04,8
2719,893,42,448.24,2
2720,893,48,473.21,2
2721,894,1,721.68,8
2722,894,21,744.21,8
2723,894,41,612.96,5
2724,895,40,874.17,3
2725,895,21,455.55,4
2726,895,28,597.81,5
2727,895,16,377.04,3
2728,896,1,87.07,9
2729,896,19,936.3,3
2730,896,25,730.0,8
2731,897,14,515.31,6
2732,897,20,998.63,9
2733,897,35,661.23,6
2734,897,2,527.83,4
2735,897,2,488.78,8
2736,898,49,679.03,6
2737,898,41,299.22,2
2738,898,19,974.56,6
2739,898,25,945.54,2
2740,899,20,277.43,10
2741,899,43,406.5,4
2742,899,10,297.02,4
2743,899,38,256.77,3
2744,900,34,317.63,4
2745,901,36,717.41,4
2746,902,31,697.68,1
2747,902,15,611.37,8
2748,903,23,836.56,10
2749,903,11,983.28,1
2750,904,30,925.23,9
2751,905,32,340.61,8
2752,905,22,369.23,2
2753,905,35,536.18,1
2754,905,31,783.74,1
2755,905,7,733.68,10
2756,906,25,770.48,5
2757,906,12,504.03,6
2758,906,11,51.59,10
2759,906,43,221.01,6
2760,906,16,119.46,5
2761,907,30,291.06,4
2762,907,6,216.99,4
2763,908,8,228.0,10
2764,908,18,701.37,8
2765,908,34,467.97,5
2766,908,19,838.39,6
2767,909,47,32.65,6
2768,909,14,397.43,2
2769,909,47,693.14,7
2770,910,29,960.44,5
2771,910,3,468.66,5
2772,910,14,821.73,8
2773,910,22,164.33,2
2774,911,12,837.96,8
2775,911,23,999.53,9
2776,911,8,818.55,6
2777,912,29,405.31,8
2778,912,9,200.25,7
2779,912,13,544.84,8
2780,912,43,836.23,10
2781,912,5,83.2,6
2782,913,50,605.13,9
2783,913,17,334.46,2
2784,914,23,571.24,5
2785,914,38,382.97,9
2786,914,36,97.09,2
2787,914,12,985.52,10
2788,915,41,636.82,2
2789,916,40,251.64,3
2790,917,42,232.28,8
2791,917,50,374.82,8
2792,917,37,14.73,10
2793,918,7,987.02,3
2794,919,47,41.3,3
2795,919,19,394.7,4
2796,919,25,973.17,9
2797,919,38,967.44,1
2798,920,30,113.97,4
2799,921,35,22.52,7
2800,921,43,394.78,3
2801,921,32,259.08,3
2802,922,5,387.16,7
2803,922,44,606.82,8
2804,923,20,954.0,8
2805,923,12,672.55,6
2806,924,2,291.12,5
2807,924,30,153.39,10
2808,924,45,112.78,4
2809,924,6,584.98,2
2810,925,17,529.01,8
2811,926,23,921.21,9
2812,927,36,671.07,6
2813,927,16,125.18,7
2814,927,1,889.08,10
2815,927,22,868.45,3
2816,928,33,218.35,4
2817,928,32,926.41,1
2818,928,34,583.92,7
2819,928,15,988.69,4
2820,928,44,708.73,2
2821,929,18,675.42,3
2822,929,44,989.97,8
2823,930,20,24.02,8
2824,930,47,686.11,10
2825,931,15,747.37,9
2826,931,45,551.86,7
2827,931,49,513.84,5
2828,931,35,128.58,10
2829,931,5,408.62,5
2830,932,11,85.84,1
2831,932,35,743.68,9
2832,932,15,436.93,9
2833,932,31,878.09,3
2834,933,33,17.67,9
2835,933,17,905.06,4
2836,933,19,823.14,2
2837,934,20,821.45,6
2838,934,18,54.42,3
2839,934,26,306.69,10
2840,935,49,869.15,1
2841,935,11,810.14,1
2842,935,7,77.36,1
2843,936,42,175.03,3
2844,936,29,121.04,4
2845,937,46,109.37,3
2846,937,11,86.35,5
2847,937,48,62.6,1
2848,938,40,391.22,3
2849,939,10,184.07,1
2850,939,21,251.45,8
2851,940,21,955.7,7
2852,941,16,786.33,10
2853,941,15,395.15,5
2854,942,14,955.86,7
2855,942,9,857.25,5
2856,943,35,724.82,2
2857,943,8,589.89,4
2858,943,26,863.06,1
2859,943,6,609.89,10
2860,944,43,329.31,2
2861,944,18,265.52,3
2862,945,45,974.74,6
2863,946,23,863.78,5
2864,946,44,943.68,1
2865,946,7,171.04,6
2866,946,21,255.23,5
2867,947,4,447.32,6
2868,947,22,979.5,10
2869,947,38,245.16,7
2870,947,15,653.55,10
2871,947,2,399.98,4
2872,948,22,525.91,3
2873,948,32,304.59,10
2874,948,6,364.84,10
2875,948,35,694.23,10
2876,949,17,90.55,3
2877,949,31,907.49,3
2878,949,38,983.49,5
2879,949,39,890.08,8
2880,949,39,546.83,10
2881,950,3,230.07,7
2882,950,23,257.15,7
2883,950,3,862.14,4
2884,950,43,971.62,4
2885,950,19,132.27,3
2886,951,18,703.3,2
2887,951,47,994.37,6
2888,952,30,442.34,10
2889,952,49,329.32,9
2890,953,49,413.75,7
2891,953,16,547.17,2
2892,954,9,557.38,1
2893,954,14,68.94,1
2894,954,5,849.45,8
2895,954,1,64.36,7
2896,954,44,751.96,3
2897,955,45,184.42,8
2898,956,8,344.87,9
2899,956,30,384.79,3
2900,956,45,156.55,2
2901,956,32,661.14,3
2902,956,13,243.14,10
2903,957,1,989.99,5
2904,957,14,628.6,1
2905,958,35,238.01,7
2906,958,17,836.93,4
2907,959,29,480.19,5
2908,959,18,738.71,10
2909,959,4,677.55,3
2910,959,20,573.91,9
2911,960,22,216.74,1
2912,960,14,961.17,8
2913,960,20,249.74,9
2914,960,41,585.01,10
2915,961,20,871.33,7
2916,961,34,242.47,10
2917,961,28,358.66,10
2918,961,18,581.4,1
2919,962,5,321.94,10
2920,962,18,500.27,5
2921,963,42,57.78,3
2922,963,10,541.95,8
2923,964,40,402.39,9
2924,964,8,72.44,4
2925,964,8,359.57,10
2926,964,18,772.65,5
2927,964,39,886.56,4
2928,965,6,183.16,4
2929,965,49,576.95,5
2930,965,26,862.92,1
2931,966,21,108.79,9
2932,967,43,714.16,4
2933,968,15,505.9,2
2934,968,21,542.52,6
2935,969,43,26.65,4
2936,969,47,280.88,5
2937,970,28,454.85,7
2938,970,13,87.69,2
2939,970,29,950.58,1
2940,970,39,527.59,8
2941,970,34,253.4,3
2942,971,21,52.02,3
2943,972,6,589.49,3
2944,972,26,477.24,6
2945,973,19,600.42,5
2946,973,49,733.93,7
2947,974,32,138.61,8
2948,974,28,711.24,9
2949,974,34,351.84,8
2950,974,44,749.35,3
2951,975,9,122.91,3
2952,976,22,312.99,3
2953,976,25,221.17,3
2954,976,23,383.96,2
2955,976,28,761.41,6
2956,976,1,538.85,4
2957,977,40,927.8,8
2958,977,26,461.27,1
2959,977,18,555.18,5
2960,977,26,822.27,1
2961,977,41,801.97,2
2962,978,3,801.36,8
2963,979,18,600.3,9
2964,979,41,505.88,9
2965,979,33,929.43,9
2966,979,47,790.58,3
2967,980,2,924.46,9
2968,980,38,644.25,3
2969,980,40,555.58,10
2970,980,17,559.55,3
2971,981,15,897.47,3
2972,981,36,154.4,4
2973,981,8,907.8,3
2974,981,6,993.4,7
2975,982,6,389.77,6
2976,982,20,730.34,2
2977,982,16,979.05,4
2978,982,8,84.17,5
2979,983,26,262.31,10
2980,983,5,733.09,5
2981,984,41,469.73,9
2982,984,6,267.76,2
2983,984,8,194.22,3
2984,985,34,615.39,1
2985,985,24,350.36,6
2986,985,14,185.59,8
2987,986,9,289.68,7
2988,987,2,235.91,1
2989,987,8,383.03,10
2990,988,20,919.28,10
2991,988,44,714.16,4
2992,988,32,94.14,6
2993,988,33,723.76,6
2994,988,41,203.56,8
2995,989,36,515.71,6
2996,990,26,625.89,4
2997,990,20,655.96,4
2998,990,40,585.14,4
2999,990,2,322.24,9
3000,990,44,82.91,5
3001,991,37,544.15,8
3002,991,3,422.95,10
3003,991,35,757.13,6
3004,991,30,672.0,3
3005,992,36,130.24,9
3006,992,27,182.97,8
3007,992,36,601.57,9
3008,993,49,478.39,8
3009,994,3,701.05,9
3010,994,13,61.02,1
3011,995,19,632.67,8
3012,995,43,494.99,4
3013,995,34,815.63,10
3014,995,1,936.17,7
3015,996,11,292.93,8
3016,996,25,969.59,1
3017,997,32,497.43,8
3018,998,48,188.49,5
3019,998,42,49.15,1
3020,998,47,658.7,3
3021,998,8,797.01,10
3022,998,9,846.04,9
3023,999,24,411.63,8
3024,999,45,152.71,9
3025,999,42,147.78,6
3026,999,44,480.87,10
3027,1000,48,988.46,3
3028,1000,1,486.25,2
